"platform","hospital","x","est","lo","hi"
"Versius","SM",1,269.223098049825,234.882459737723,308.217461546588
"Versius","SM",2,264.532995972916,232.286508052328,300.772856564932
"Versius","SM",3,259.925839065918,229.979431799132,292.969110879448
"Versius","SM",4,255.402071668132,227.575838922417,285.691712123487
"Versius","SM",5,250.962813643074,225.045302021476,278.979556229495
"Versius","SM",6,246.609595630596,222.252349758761,272.202355230102
"Versius","SM",7,242.343942706971,219.56511291783,265.681953980853
"Versius","SM",8,238.167537682141,216.681614705389,259.968175329604
"Versius","SM",9,234.082198032043,213.484653571014,254.76649829639
"Versius","SM",10,230.089774331274,210.788354719784,249.594443010301
"Versius","SM",11,226.192064506962,207.958404818959,244.256094427855
"Versius","SM",12,222.39074288053,205.042445080903,239.70436572956
"Versius","SM",13,218.687302921431,202.36693523161,235.434255828847
"Versius","SM",14,215.083012598277,199.832040075024,231.276812471195
"Versius","SM",15,211.578881183167,197.02736956697,227.211409838328
"Versius","SM",16,208.175636347687,194.203176822276,223.674747469879
"Versius","SM",17,204.873743288092,191.34633149555,219.934983766054
"Versius","SM",18,201.673493521885,188.313912711181,216.474928735587
"Versius","SM",19,198.574900492178,185.322834411112,213.270164264852
"Versius","SM",20,195.577673446661,182.596686152038,210.016001440049
"Versius","SM",21,192.681230121511,179.999387618899,207.206209052876
"Versius","SM",22,189.884713312755,177.48954096402,203.958489554784
"Versius","SM",23,187.187010456158,174.906617301474,201.397926767944
"Versius","SM",24,184.586775403305,172.510595634259,198.495975465603
"Versius","SM",25,182.082451652548,170.159178878646,195.677747319155
"Versius","SM",26,179.672296367085,168.002214518102,193.005051375693
"Versius","SM",27,177.354404587122,165.950081863,190.620263585781
"Versius","SM",28,175.126733117511,163.838769093027,188.159863264413
"Versius","SM",29,172.987123645469,161.905716141127,185.838822837831
"Versius","SM",30,170.933324714163,160.128911886049,183.735218873137
"Versius","SM",31,168.963012246524,158.434680883339,181.457462947821
"Versius","SM",32,167.073808379169,156.45927032364,179.522570096353
"Versius","SM",33,165.26329842852,154.675082793859,177.467331272973
"Versius","SM",34,163.529045869876,153.071231476788,175.665267456311
"Versius","SM",35,161.868605265148,151.597432269869,173.826449338718
"Versius","SM",36,160.279533126103,150.173353999959,171.965450607221
"Versius","SM",37,158.759396747147,148.685633897674,170.281641440526
"Versius","SM",38,157.305781084723,147.317835409384,168.701040114745
"Versius","SM",39,155.916293799239,146.232355162951,167.148485176992
"Versius","SM",40,154.588568609819,145.086722625778,165.5749397731
"Versius","SM",41,153.320267141948,143.954401407564,164.023289196698
"Versius","SM",42,152.109079473066,142.8319288337,162.682264461585
"Versius","SM",43,150.952723601187,141.80235828602,161.511708220215
"Versius","SM",44,149.848944076499,140.830341393979,160.295981507428
"Versius","SM",45,148.795510045526,139.800009734657,159.096412168032
"Versius","SM",46,147.790212961727,138.909458556812,157.84929603358
"Versius","SM",47,146.830864215339,138.109073063288,156.771195869016
"Versius","SM",48,145.915292928792,137.241113509836,155.839925086573
"Versius","SM",49,145.041344152349,136.630510401902,154.708857428089
"Versius","SM",50,144.206877677802,135.798327740594,153.885853688971
"Versius","SM",51,143.409767666348,135.051121181929,153.027857590084
"Versius","SM",52,142.647903260497,134.452150262902,152.078726856186
"Versius","SM",53,141.919190319449,133.814406748999,151.287314619173
"Versius","SM",54,141.22155438319,133.075332906049,150.778007018202
"Versius","SM",55,140.552944933353,132.399535029007,150.202714356204
"Versius","SM",56,139.911340979131,131.743360415231,149.37027942355
"Versius","SM",57,139.294757955168,130.962630793443,148.842360506122
"Versius","SM",58,138.701255876133,130.472849961699,148.091176736205
"Versius","SM",59,138.128948650556,129.942718928594,147.380470242551
"Versius","SM",60,137.576014415626,129.384579269541,146.800126626894
"Versius","SM",61,137.040706715862,128.871951556986,146.329969443992
"Versius","SM",62,136.521366313237,128.327165190532,145.701760983085
"Versius","SM",63,136.016433385382,127.762096144163,145.20861276315
"Versius","SM",64,135.524459843066,127.278014921758,144.663047892832
"Versius","SM",65,135.044121479225,126.688019233824,144.127154786258
"Versius","SM",66,134.574229650192,126.167958617092,143.426657273972
"Versius","SM",67,134.113742186147,125.634352267416,142.823470343668
"Versius","SM",68,133.661773232651,125.324704445401,142.385147684701
"Versius","SM",69,133.217601738457,124.937486466481,141.802670360631
"Versius","SM",70,132.780678326677,124.55595416284,141.285764686447
"Versius","SM",71,132.350630316243,124.192439991487,140.778361615672
"Versius","SM",72,131.927264697731,123.763732671064,140.339253491376
"Versius","SM",73,131.510568910996,123.398556156937,140.100331240461
"Versius","SM",74,131.10070932038,123.079594719018,139.686661899092
"Versius","SM",75,130.698027334979,122.792381220338,139.296491848013
"Versius","SM",76,130.303033174985,122.434452536596,138.761194151519
"Versius","SM",77,129.916397338662,122.124040062458,138.337945419029
"Versius","SM",78,129.538939876411,121.68618663938,137.809465681518
"Versius","SM",79,129.171617626952,121.283207486577,137.354574135486
"Versius","SM",80,128.815509614476,121.113842574182,136.968500113918
"Versius","SM",81,128.471800843315,120.737207674003,136.705419037269
"Versius","SM",82,128.141764757488,120.50101512982,136.457830415832
"Versius","SM",83,127.826744655485,120.245861046997,136.154836885648
"Versius","SM",84,127.528134365671,119.874171417966,135.831520852141
"Versius","SM",85,127.247358494691,119.566518662146,135.562397174908
"Versius","SM",86,126.985852560402,119.401960043301,135.362425958825
"Versius","SM",87,126.745043312854,119.2418089887,135.041987007286
"Versius","SM",88,126.526329532343,118.917059558502,134.897476897265
"Versius","SM",89,126.331063573526,118.701274062115,134.70620351362
"Versius","SM",90,126.160533900088,118.627727434166,134.445423670552
"Versius","SM",91,126.015948826494,118.546309661797,134.338203013261
"Versius","SM",92,125.898421653083,118.167081178839,134.285953931053
"Versius","SM",93,125.808957349124,118.126408739287,134.316428439909
"Versius","SM",94,125.748440906353,118.148099954869,134.279468776722
"Versius","SM",95,125.717627453793,117.968429927942,134.309536350316
"Versius","SM",96,125.717134193912,117.922285240858,134.314868859168
"Versius","SM",97,125.747434190891,118.001581668887,134.431818816131
"Versius","SM",98,125.808852014425,118.070143711675,134.391931583936
"Versius","SM",99,125.90156121717,118.148278682855,134.624757875895
"Versius","SM",100,126.025583600982,118.173106714146,134.790516469372
"Versius","SM",101,126.180790206431,118.406093723921,135.111127345748
"Versius","SM",102,126.366903941874,118.723503368649,135.284677290115
"Versius","SM",103,126.583503752589,118.880864361516,135.586778327619
"Versius","SM",104,126.830030217163,119.121256866093,135.756892149611
"Versius","SM",105,127.105792447576,119.356265293555,136.158944950475
"Versius","SM",106,127.409976161311,119.640318108672,136.501661963554
"Versius","SM",107,127.741652788476,119.940788946016,136.813352290705
"Versius","SM",108,128.099789474475,120.397076806854,137.271640858273
"Versius","SM",109,128.483259839499,120.68245807855,137.79174361639
"Versius","SM",110,128.890855360073,121.139970089152,138.433340698666
"Versius","SM",111,129.321297245327,121.57172564581,138.930457854276
"Versius","SM",112,129.773248691665,121.993990545637,139.505152362842
"Versius","SM",113,130.245327414074,122.562028956709,140.0208977326
"Versius","SM",114,130.736118370407,123.097822239855,140.451038369098
"Versius","SM",115,131.244186616375,123.532646726916,141.117695080027
"Versius","SM",116,131.768090253351,124.033002657719,141.804481392961
"Versius","SM",117,132.306393457931,124.284104391112,142.570004263283
"Versius","SM",118,132.857679610874,124.305403963307,143.411124466609
"Versius","SM",119,133.420564572716,124.311772688252,144.312567523934
"Versius","SM",120,133.99371018319,124.42225724344,145.286106272235
"Versius","SM",121,134.575838090436,124.35560157807,146.454289303668
"Versius","SM",122,135.165744042831,124.336387908212,147.795517535317
"Versius","SM",123,135.762312799995,124.049331183493,149.145261448421
"Versius","SM",124,136.364533838883,123.835712509183,150.70488652665
"Versius","SM",125,136.971518044977,123.588997130462,152.207641831147
"Versius","SM",126,137.582515586308,123.209730657502,153.724241631602
"Versius","SM",127,138.196935168651,122.830638765669,155.250356383346
"Versius","SM",128,138.8143648631,122.308951446965,156.819196273597
"Versius","BE",1,186.296051586978,163.361119095367,212.759107356741
"Versius","BE",2,186.22230073923,164.1583195284,211.65664639303
"Versius","BE",3,186.148624824471,165.080842223734,210.67635400256
"Versius","BE",4,186.075098010675,165.746297825196,209.758026568709
"Versius","BE",5,186.001827652623,166.603917662431,208.762015671286
"Versius","BE",6,185.928951572257,167.399039712486,207.74086127567
"Versius","BE",7,185.856635368551,168.140007496196,206.907124280569
"Versius","BE",8,185.785069759187,168.820603766132,206.039172523932
"Versius","BE",9,185.71446795669,169.098644629688,205.302907683712
"Versius","BE",10,185.645063081945,169.465719970153,204.390134384572
"Versius","BE",11,185.577105618255,170.085812875163,203.65621212601
"Versius","BE",12,185.51086090928,170.556410060789,202.995204056786
"Versius","BE",13,185.446606704284,170.79910429934,202.436861825571
"Versius","BE",14,185.384630754213,171.334223824764,201.558439220525
"Versius","BE",15,185.325228462154,171.742777005024,201.461790217544
"Versius","BE",16,185.268700591709,172.012516322961,200.794594941783
"Versius","BE",17,185.2153510368,172.368737947876,200.365570131986
"Versius","BE",18,185.165484656342,172.45382647123,200.065869834762
"Versius","BE",19,185.11940517716,172.536977040194,199.806753773433
"Versius","BE",20,185.07741316842,172.594744328627,199.647262235395
"Versius","BE",21,185.039804090728,172.607926857165,199.490791138809
"Versius","BE",22,185.006866422938,172.642871799133,199.417985117599
"Versius","BE",23,184.978879869594,172.703683285086,199.313847456341
"Versius","BE",24,184.956113651761,172.781470581066,199.180137830791
"Versius","BE",25,184.938824883916,172.733735627533,199.076220131708
"Versius","BE",26,184.9272570394,172.715095247191,199.294480949982
"Versius","BE",27,184.921638506805,172.613119782179,199.442216633073
"Versius","BE",28,184.922181239549,172.603916705033,199.420478288513
"Versius","BE",29,184.929079500741,172.567013694845,199.344908022499
"Versius","BE",30,184.94250870533,172.600554606156,199.215388442285
"Versius","BE",31,184.962624361381,172.645860842199,199.259084728755
"Versius","BE",32,184.989561112205,172.657100851526,199.554365446
"Versius","BE",33,185.023431880939,172.740096461118,199.575201346265
"Versius","BE",34,185.064327119047,172.5745168016,199.545381503072
"Versius","BE",35,185.112314160056,172.476508332139,199.794437921388
"Versius","BE",36,185.167436679724,172.581117000311,199.778265326065
"Versius","BE",37,185.22971426368,172.606189561504,199.71918854772
"Versius","BE",38,185.299142083406,172.772687792325,199.787532962884
"Versius","BE",39,185.37569068129,172.682616496965,199.934305671469
"Versius","BE",40,185.459305865251,172.630644462567,199.955381676237
"Versius","BE",41,185.549908713278,172.792489731506,200.070246387388
"Versius","BE",42,185.647395687974,173.002777067899,200.300759665834
"Versius","BE",43,185.751638860979,173.218475337858,200.159785765601
"Versius","BE",44,185.862486246849,173.351726808304,200.161303252005
"Versius","BE",45,185.979762245728,173.445718353727,200.248368904303
"Versius","BE",46,186.103268193778,173.544960524572,200.542085490909
"Versius","BE",47,186.232783020056,173.617129719696,200.54243915938
"Versius","BE",48,186.368064008098,173.931483093056,200.670518139253
"Versius","BE",49,186.508847660136,174.14061266091,200.659372599075
"Versius","BE",50,186.654850661402,174.220669789149,200.595700456203
"Versius","BE",51,186.80577094158,174.423078811444,200.515199701886
"Versius","BE",52,186.961288829956,174.468680444542,200.602411321243
"Versius","BE",53,187.12106830036,174.61546200576,200.477847667726
"Versius","BE",54,187.284758301487,174.846376721578,200.505790905858
"Versius","BE",55,187.451994167629,175.019450807758,200.534797453933
"Versius","BE",56,187.62239910439,175.357903245263,200.558654012286
"Versius","BE",57,187.795585743342,175.65823243242,200.716137905228
"Versius","BE",58,187.971157759114,175.911363395504,200.949276865803
"Versius","BE",59,188.148711541829,176.021068358377,201.082327398078
"Versius","BE",60,188.32783791732,176.444431761091,201.210892010203
"Versius","BE",61,188.50812390703,176.737032372577,201.319931180328
"Versius","BE",62,188.689154519055,176.961014399861,201.378687251323
"Versius","BE",63,188.870514561316,177.35173444321,201.444259484543
"Versius","BE",64,189.05179046747,177.599324606881,201.495894991419
"Versius","BE",65,189.232572125806,177.903841025945,201.604288928299
"Versius","BE",66,189.412454701046,178.147150113372,201.829761390352
"Versius","BE",67,189.591040438762,178.367354958625,201.971950969491
"Versius","BE",68,189.767940441911,178.473512396589,202.258035849827
"Versius","BE",69,189.942776408894,178.666483762106,202.48517020883
"Versius","BE",70,190.115182322503,178.868365721369,202.649845427714
"Versius","BE",71,190.284806079186,178.962391344323,202.804173813582
"Versius","BE",72,190.45131104816,179.077197914296,203.011341728014
"Versius","BE",73,190.614377550149,179.239497050702,203.238459806244
"Versius","BE",74,190.773704245802,179.300402566607,203.545189737781
"Versius","BE",75,190.929009424257,179.408607246567,203.829899284209
"Versius","BE",76,191.080032182783,179.525960022323,203.95005452199
"Versius","BE",77,191.22653348899,179.587329873705,204.096609482423
"Versius","BE",78,191.368297117759,179.818849224629,204.046288509854
"Versius","BE",79,191.505130455758,180.13034073249,204.213859113183
"Versius","BE",80,191.636865167181,180.232641005218,204.383240292744
"Versius","BE",81,191.763357715252,180.367672693639,204.662468110059
"Versius","BE",82,191.88448973492,180.438652516916,204.918345878628
"Versius","BE",83,192.000168253141,180.515861684299,205.135790027477
"Versius","BE",84,192.11032575418,180.615598004324,205.244157425308
"Versius","BE",85,192.214920088374,180.738523739643,205.423636176971
"Versius","BE",86,192.313934223901,180.883923837934,205.592733975062
"Versius","BE",87,192.407375842123,180.990477462701,205.685001019206
"Versius","BE",88,192.49527677822,180.831390170256,205.866757018639
"Versius","BE",89,192.577692309828,180.930782729448,205.979298878379
"Versius","BE",90,192.654700297507,180.919165144897,206.025103504919
"Versius","BE",91,192.72640018184,181.068850983649,205.975587411062
"Versius","BE",92,192.792911842985,181.155252658873,206.176194976451
"Versius","BE",93,192.854374329407,181.236375117106,205.949286332499
"Versius","BE",94,192.910944463416,181.276976433804,205.899868621392
"Versius","BE",95,192.962795331963,181.323607878654,205.828358946008
"Versius","BE",96,193.010114671865,181.327919963023,205.920724336904
"Versius","BE",97,193.053103159355,181.358161983057,206.108456351277
"Versius","BE",98,193.091972614393,181.438027988023,205.99888339297
"Versius","BE",99,193.126944130751,181.507743012347,205.984459544297
"Versius","BE",100,193.15824614326,181.436166277152,206.093313314594
"Versius","BE",101,193.186112444007,181.520813285021,206.052118573166
"Versius","BE",102,193.210780159493,181.409816853765,205.875208941389
"Versius","BE",103,193.232487700958,181.389315849751,205.674544614783
"Versius","BE",104,193.251472700186,181.413152976209,205.778009632359
"Versius","BE",105,193.267969943097,181.321367306269,205.944694541144
"Versius","BE",106,193.282209313378,181.247599026439,205.907370681415
"Versius","BE",107,193.294413758294,181.218919801002,205.886958487318
"Versius","BE",108,193.304797288568,181.191686955532,205.832838434515
"Versius","BE",109,193.313563024015,181.127093888778,206.036005547925
"Versius","BE",110,193.320901296217,181.109856370145,206.053241432013
"Versius","BE",111,193.326987819212,181.108359611143,206.139777185732
"Versius","BE",112,193.331981938678,181.130503149223,206.222789082833
"Versius","BE",113,193.336024969659,181.032113520857,206.283848209401
"Versius","BE",114,193.339238632337,181.02446907555,206.227036548231
"Versius","BE",115,193.341723594815,180.980934046652,206.074474093486
"Versius","BE",116,193.343558131271,181.050583134696,206.022837547802
"Versius","BE",117,193.344796903261,181.045284974885,206.091373686526
"Versius","BE",118,193.345469871274,181.177866496567,205.989351233136
"Versius","BE",119,193.345581343009,181.249626307754,205.975395782583
"Versius","BE",120,193.345109164155,181.298676549583,206.026645429072
"Versius","BE",121,193.344004056761,181.24746158074,206.010464206765
"Versius","BE",122,193.34218910956,181.243068768024,205.98990778693
"Versius","BE",123,193.339559423918,181.282463469121,205.98581511078
"Versius","BE",124,193.335981918296,181.305148897194,205.847838289248
"Versius","BE",125,193.331295293417,181.195759706691,205.830651263839
"Versius","BE",126,193.325310159514,181.336555160602,206.064578370765
"Versius","BE",127,193.317809326324,181.407767748022,205.970415338681
"Versius","BE",128,193.30854825566,181.435512555189,205.861314828418
"Versius","BE",129,193.297255675657,181.470894890003,205.982338570103
"Versius","BE",130,193.283634354953,181.411319193982,205.894578900658
"Versius","BE",131,193.267362034287,181.375125954047,205.964029715183
"Versius","BE",132,193.248092512197,181.347423428153,205.779405391539
"Versius","BE",133,193.225456880678,181.219092277681,205.724556536024
"Versius","BE",134,193.199064905863,180.913957470275,205.714700754954
"Versius","BE",135,193.16850654799,180.756847331421,205.972895313082
"Versius","BE",136,193.13335361411,180.458175599864,206.032232471005
"Versius","BE",137,193.09316153622,180.44080519581,206.02160069072
"Versius","BE",138,193.04747126671,180.393237531196,206.185755152816
"Versius","BE",139,192.995811282291,180.179919693593,206.454892504269
"Versius","BE",140,192.937699686813,179.930005825113,206.755671156053
"Versius","BE",141,192.872646402707,179.574801136103,207.02173470859
"Versius","BE",142,192.800155440124,179.154133872133,207.388041860933
"Versius","BE",143,192.719727232213,178.767612575157,207.694568069747
"Versius","BE",144,192.630861024442,178.449237017185,207.887700829758
"Versius","BE",145,192.533057305336,177.897140668131,208.257250629761
"Versius","BE",146,192.42582026558,177.732780562148,208.399637775442
"Versius","BE",147,192.308660272052,177.40213914262,208.574755451988
"Versius","BE",148,192.181096343075,177.062452786846,208.664820430422
"Versius","BE",149,192.042658610933,176.671705539934,208.809690197253
"Versius","BE",150,191.892890757614,176.377028794029,208.957113524115
"Versius","BE",151,191.731352409688,175.990576512349,209.118923754843
"Versius","BE",152,191.557621478293,175.688542583443,209.143497792567
"Versius","BE",153,191.371296430392,175.470101586385,209.107121019003
"Versius","BE",154,191.171998477707,175.285274524388,209.025236458393
"Versius","BE",155,190.959373670116,175.03759132755,208.753700302119
"Versius","BE",156,190.733094880782,174.819501786875,208.508641750459
"Versius","BE",157,190.492863670837,174.672630153113,208.343271829216
"Versius","BE",158,190.238412022116,174.428333437999,208.237322389847
"Versius","BE",159,189.969503927211,174.118405727178,207.932009654386
"Versius","BE",160,189.685936826942,173.748740146085,207.652616742645
"Versius","BE",161,189.387542886271,173.437974343979,207.478496377429
"Versius","BE",162,189.074190100713,173.121317197013,207.231615981927
"Versius","BE",163,188.745783226298,172.853036834129,206.474372444718
"Versius","BE",164,188.402264527327,172.507980686152,206.04833007562
"Versius","BE",165,188.043614337252,172.357247132992,205.664151190964
"Versius","BE",166,187.669851429241,172.135206306315,205.244272333244
"Versius","BE",167,187.281033194167,171.973243320143,204.615078052768
"Versius","BE",168,186.877255624992,171.761376048602,203.948926675614
"Versius","BE",169,186.458653107698,171.70098988091,203.52875583853
"Versius","BE",170,186.025398020119,171.460955679956,202.831086944808
"Versius","BE",171,185.577700141184,171.24430059795,202.164831004571
"Versius","BE",172,185.115805874166,171.007671129565,201.643180949717
"Versius","BE",173,184.639997288645,171.053636353426,200.697732470923
"Versius","BE",174,184.150590986822,170.864705389891,200.178162786895
"Versius","BE",175,183.647936800801,170.480784295232,199.087105910165
"Versius","BE",176,183.132416328263,170.214674495131,198.546586734655
"Versius","BE",177,182.604441314709,169.726363797174,197.560435550709
"Versius","BE",178,182.064451891132,169.534016206485,196.592723153978
"Versius","BE",179,181.512914676495,169.273849521868,195.687872053948
"Versius","BE",180,180.950320754884,169.039439631426,194.985451605257
"Versius","BE",181,180.377183537519,168.6100997191,194.344459912349
"Versius","BE",182,179.794036520085,168.052998187635,193.437341248745
"Versius","BE",183,179.201430945948,167.406714607796,192.57207491671
"Versius","BE",184,178.599933385871,166.889969628136,191.973709143632
"Versius","BE",185,177.990123244789,166.418497610503,191.586895176419
"Versius","BE",186,177.37259020602,165.878452429575,190.924470610327
"Versius","BE",187,176.747931623046,165.079297199282,190.178681372519
"Versius","BE",188,176.116749868673,164.232760437667,189.620231377906
"Versius","BE",189,175.479649650941,163.429421655131,189.233532914087
"Versius","BE",190,174.837235304712,162.469740194746,189.027155279705
"Versius","BE",191,174.190108067269,161.24250222787,188.916514583035
"Versius","BE",192,173.538863345732,159.966698597346,188.590006216486
"Versius","BE",193,172.884087983406,158.935105416479,188.498029508122
"Versius","BE",194,172.226357531545,157.754940194752,188.81596907637
"Versius","BE",195,171.56623353231,156.731941614178,189.008720512317
"Versius","BE",196,170.904260818024,155.33808520147,188.816799898384
"Versius","BE",197,170.240964831084,153.958954230809,189.141979102689
"Versius","BE",198,169.57684896825,152.305498026041,189.372087941721
"Versius","BE",199,168.912391952296,150.658227370802,189.638043382293
"Versius","BE",200,168.248045233415,149.338514555436,189.932978927583
"Versius","BE",201,167.584230422111,147.898405372305,190.698223232025
"Versius","BE",202,166.921336754757,146.346238341763,191.273221867687
"Versius","BE",203,166.259718592489,145.004418984625,191.740511638221
"Versius","BE",204,165.599692953639,143.524029374005,191.788405908821
"Versius","BE",205,164.941537079519,142.041448139131,192.050432144728
"Versius","BE",206,164.285486033057,140.568332277231,192.634673358197
"Versius","BE",207,163.631730329569,138.844785659762,193.180473208185
"Versius","BE",208,162.980413598788,137.303613712039,193.4823043591
"Versius","BE",209,162.331630277257,135.949337248845,193.63073258971
"da Vinci","SM",20,175.071008643685,151.481096475156,202.438868429737
"da Vinci","SM",21,172.763698173049,150.680293183277,198.121850731063
"da Vinci","SM",22,170.487607214815,149.812793436495,193.892359627509
"da Vinci","SM",23,168.243599957595,149.088465693964,189.544513428137
"da Vinci","SM",24,166.033053058707,148.336675647088,185.845065746336
"da Vinci","SM",25,163.857774403536,147.339663539165,182.358228286768
"da Vinci","SM",26,161.719927131211,146.319682988853,178.879268615333
"da Vinci","SM",27,159.621958995439,145.374936388579,175.511000546295
"da Vinci","SM",28,157.566537127263,144.104308182607,172.417291711525
"da Vinci","SM",29,155.556488247028,142.815391383262,169.397561354855
"da Vinci","SM",30,153.594744340191,141.399121648017,166.340292944526
"da Vinci","SM",31,151.684293769844,140.414055646708,164.266078886036
"da Vinci","SM",32,149.828137751371,139.253295415853,161.850147210674
"da Vinci","SM",33,148.029252064797,137.955979393324,159.531454850473
"da Vinci","SM",34,146.290553830656,136.485565243883,157.765765538299
"da Vinci","SM",35,144.61487312795,134.944444826908,155.531628534476
"da Vinci","SM",36,143.004929189702,133.63540758381,153.796645996991
"da Vinci","SM",37,141.463310874,132.178987631561,152.219210464491
"da Vinci","SM",38,139.992461077312,130.699763307873,150.71341447515
"da Vinci","SM",39,138.594664732597,129.171080137361,149.294827678626
"da Vinci","SM",40,137.272040017641,127.757021634302,147.715454599344
"da Vinci","SM",41,136.026532388975,126.521009305155,146.568146185255
"da Vinci","SM",42,134.859911053276,125.299514189328,145.48313896248
"da Vinci","SM",43,133.773767491022,124.332491366382,144.38507354187
"da Vinci","SM",44,132.769515655404,123.488124260497,143.311033942266
"da Vinci","SM",45,131.848393482741,122.46776786553,142.288582260835
"da Vinci","SM",46,131.011465367847,121.631696794645,141.420389776032
"da Vinci","SM",47,130.259625278421,120.917120353115,140.437222521936
"da Vinci","SM",48,129.593600205784,120.372556018923,139.644749731534
"da Vinci","SM",49,129.013953674494,119.909404769612,139.14422857924
"da Vinci","SM",50,128.521089060026,119.482152560053,138.492322031058
"da Vinci","SM",51,128.115252491275,119.100886217572,137.927088592237
"da Vinci","SM",52,127.796535142719,118.794985395261,137.546106552561
"da Vinci","SM",53,127.564874749411,118.556007586211,137.313505460038
"da Vinci","SM",54,127.420056206287,118.363716205832,137.016271449114
"da Vinci","SM",55,127.361711141512,118.335882672977,137.095413978569
"da Vinci","SM",56,127.389316381624,118.427390345025,136.934532809403
"da Vinci","SM",57,127.502191254114,118.567623779047,137.060869138004
"da Vinci","SM",58,127.699493700907,118.786313739198,137.295508254251
"da Vinci","SM",59,127.980215203942,119.204312198522,137.600689472239
"da Vinci","SM",60,128.343174551924,119.607867799202,138.086408556967
"da Vinci","SM",61,128.787010505423,119.94556545497,138.694477586599
"da Vinci","SM",62,129.310173445788,120.308584052884,139.464936301154
"da Vinci","SM",63,129.910916122095,120.710139259035,140.11041487448
"da Vinci","SM",64,130.587283639369,121.206541753107,140.837374202142
"da Vinci","SM",65,131.337102860637,121.935246138008,141.555888983233
"da Vinci","SM",66,132.157971424849,122.55907924847,142.470451303504
"da Vinci","SM",67,133.047246612065,123.406281770636,143.368850164176
"da Vinci","SM",68,134.002034316178,124.318998267318,144.433801937036
"da Vinci","SM",69,135.019178413463,125.332987405841,145.526747674774
"da Vinci","SM",70,136.095250841692,126.313708895656,146.552771644518
"da Vinci","SM",71,137.226542728801,127.375637706474,147.691826944865
"da Vinci","SM",72,138.409056931324,128.62079569045,148.814882698875
"da Vinci","SM",73,139.638502360022,129.991426244682,149.923400031646
"da Vinci","SM",74,140.910290482338,131.328979496502,151.071144729691
"da Vinci","SM",75,142.219534397433,132.725213522095,152.248250924203
"da Vinci","SM",76,143.561050878445,134.072070878987,153.606364875858
"da Vinci","SM",77,144.929365767134,135.319655311651,155.040214655485
"da Vinci","SM",78,146.31872308721,136.630377118451,156.439105615616
"da Vinci","SM",79,147.723098213368,137.988636622297,157.803877469519
"da Vinci","SM",80,149.136215392676,139.371526605293,159.288476174297
"da Vinci","SM",81,150.551569862843,140.898111600687,160.740639932901
"da Vinci","SM",82,151.9624547478,142.302036304073,162.255350878759
"da Vinci","SM",83,153.361992835154,143.676397936115,163.748991937585
"da Vinci","SM",84,154.743173252819,145.009596728736,165.309065231984
"da Vinci","SM",85,156.098892964605,146.28160425461,166.824904117354
"da Vinci","SM",86,157.422002898206,147.379876413152,168.283082198125
"da Vinci","SM",87,158.705358405864,148.565903435614,169.650660134908
"da Vinci","SM",88,159.941873640631,149.678738800649,171.281342754364
"da Vinci","SM",89,161.124579312427,150.86772177855,172.867961222596
"da Vinci","SM",90,162.246683171595,151.769102954977,174.261602505147
"da Vinci","SM",91,163.301632457004,152.436584518172,175.382844462924
"da Vinci","SM",92,164.283177444867,153.40075081237,176.64238227595
"da Vinci","SM",93,165.185435147422,154.106130729676,177.755545418385
"da Vinci","SM",94,166.002952141236,154.802629560504,178.725240133891
"da Vinci","SM",95,166.730765456789,155.323891077072,179.525838752235
"da Vinci","SM",96,167.364460437319,156.137631572424,180.233935636905
"da Vinci","SM",97,167.900224478076,156.435909770509,180.860797374456
"da Vinci","SM",98,168.334895588901,156.931755649072,181.276238614189
"da Vinci","SM",99,168.666004784018,157.208278164179,181.44963376776
"da Vinci","SM",100,168.891811392889,157.362778484924,181.541069392336
"da Vinci","SM",101,169.011330503357,157.427724800547,181.466000255211
"da Vinci","SM",102,169.024351890667,157.406719015728,181.445626361259
"da Vinci","SM",103,168.931449949572,157.529676329127,181.374945117149
"da Vinci","SM",104,168.733984327131,157.378158973246,180.943755127411
"da Vinci","SM",105,168.434091145558,157.28285855937,180.621485817209
"da Vinci","SM",106,168.034664901732,157.158923936134,180.164126586424
"da Vinci","SM",107,167.539331326398,156.889765553225,179.748021470114
"da Vinci","SM",108,166.952411675378,156.299790930861,179.026590854912
"da Vinci","SM",109,166.278879101176,155.724291614583,178.345804981144
"da Vinci","SM",110,165.524307910564,154.971931448368,177.607142459644
"da Vinci","SM",111,164.694816647141,154.212780471381,176.746167287468
"da Vinci","SM",112,163.79700604359,153.368420528936,175.546413079565
"da Vinci","SM",113,162.837892963509,152.57547686333,174.663140495035
"da Vinci","SM",114,161.824841495626,151.486191060978,173.636021225572
"da Vinci","SM",115,160.765492373534,150.319355004682,172.50707400155
"da Vinci","SM",116,159.667691872657,149.263756736096,171.393035371688
"da Vinci","SM",117,158.539421284854,148.169561478106,170.264346835318
"da Vinci","SM",118,157.388727993018,147.174535614045,169.135917272545
"da Vinci","SM",119,156.223659066844,146.053087502685,167.775546992365
"da Vinci","SM",120,155.052198181271,144.973614272019,166.418676969929
"da Vinci","SM",121,153.882206525616,143.797365015719,165.202112333613
"da Vinci","SM",122,152.72136822923,142.525488432517,163.821456586765
"da Vinci","SM",123,151.577140683579,141.289470630472,162.588251013001
"da Vinci","SM",124,150.45670999572,140.343476203923,161.366297395268
"da Vinci","SM",125,149.366951668586,138.989423007509,160.188805664055
"da Vinci","SM",126,148.31439647312,137.92517059649,159.155528605813
"da Vinci","SM",127,147.305201359355,136.929958912655,157.954037637556
"da Vinci","SM",128,146.345125150497,135.849917780052,157.189627542915
"da Vinci","SM",129,145.439508677892,135.081362285387,156.272734434315
"da Vinci","SM",130,144.593258946555,134.241554218571,155.477295603648
"da Vinci","SM",131,143.810836871294,133.367503835393,154.769209249635
"da Vinci","SM",132,143.096248092491,132.650519244295,154.183821585805
"da Vinci","SM",133,142.453036367677,131.980416734993,153.676479258019
"da Vinci","SM",134,141.884279039494,131.43790035125,153.285046730535
"da Vinci","SM",135,141.392584101184,130.929515556088,152.859016438372
"da Vinci","SM",136,140.980088416111,130.557795003731,152.541476967478
"da Vinci","SM",137,140.648456696337,130.106711145343,152.277421085561
"da Vinci","SM",138,140.398880905456,129.683608905415,151.931256501696
"da Vinci","SM",139,140.232079820826,129.408838874131,151.720800379469
"da Vinci","SM",140,140.148298568455,129.236145159926,151.605365046483
"da Vinci","SM",141,140.14730802807,128.986100371328,151.741808839531
"da Vinci","SM",142,140.228404094649,129.123539970306,151.936079998278
"da Vinci","SM",143,140.390406873832,129.317480975555,151.855992391241
"da Vinci","SM",144,140.631659980162,129.721430967345,152.242224256719
"da Vinci","SM",145,140.950030196888,130.304621674995,152.537437537244
"da Vinci","SM",146,141.342907841709,130.744556537413,153.027422449204
"da Vinci","SM",147,141.807208261916,131.306697300147,153.525574589473
"da Vinci","SM",148,142.339374952254,131.916667049738,153.974302276447
"da Vinci","SM",149,142.935384846635,132.605552734976,154.56071611032
"da Vinci","SM",150,143.590756377848,133.241462889504,154.817306505579
"da Vinci","SM",151,144.300560924608,134.024171994815,155.437020530976
"da Vinci","SM",152,145.059438270016,134.780381446822,156.005966533136
"da Vinci","SM",153,145.861616677124,135.771523396896,156.822620917237
"da Vinci","SM",154,146.700938143737,136.686057161297,157.64915662797
"da Vinci","SM",155,147.570889328213,137.762204501519,158.419529841033
"da Vinci","SM",156,148.464638540069,138.481338301648,159.452033931401
"da Vinci","SM",157,149.375079063783,139.504362690199,160.279056788615
"da Vinci","SM",158,150.294878932629,140.282868362781,161.190470358327
"da Vinci","SM",159,151.216537094158,141.293739084912,162.142415833905
"da Vinci","SM",160,152.132445713994,142.212337165008,163.257956235843
"da Vinci","SM",161,153.034958155141,143.119204587584,164.204317275749
"da Vinci","SM",162,153.916461952575,143.794720765316,165.370558770031
"da Vinci","SM",163,154.769455885154,144.445270906502,166.424086718469
"da Vinci","SM",164,155.586630037433,144.96195728824,167.342026235798
"da Vinci","SM",165,156.360947551777,145.43333943746,168.338576630674
"da Vinci","SM",166,157.085726605602,146.106165273565,169.416879493478
"da Vinci","SM",167,157.754721018219,146.62369049654,170.341894091908
"da Vinci","SM",168,158.36219780464,147.133834506093,171.052208218119
"da Vinci","SM",169,158.903009956246,147.400039829065,171.738641937719
"da Vinci","SM",170,159.372662744914,147.754865039808,172.251499477515
"da Vinci","SM",171,159.767371920366,147.974610549782,172.864583014288
"da Vinci","SM",172,160.084112299719,148.172348747606,173.093572504158
"da Vinci","SM",173,160.320655430475,148.261732748374,173.189721589448
"da Vinci","SM",174,160.475595237688,148.374009619765,173.265414783602
"da Vinci","SM",175,160.5483608345,148.525685138436,173.28133812805
"da Vinci","SM",176,160.539215972401,148.619542277478,173.213442755314
"da Vinci","SM",177,160.44924492131,148.862926132107,172.80222246136
"da Vinci","SM",178,160.280324887111,148.713305626932,172.544406660132
"da Vinci","SM",179,160.035085382366,148.712235622035,172.343162937491
"da Vinci","SM",180,159.716855251866,148.57135879165,171.958751827686
"da Vinci","SM",181,159.329598306936,148.305052329387,171.59504085536
"da Vinci","SM",182,158.877838731275,148.133196747306,170.940144619011
"da Vinci","SM",183,158.366577579077,147.512709091156,170.540808078398
"da Vinci","SM",184,157.801201788438,146.746547907916,170.15278649729
"da Vinci","SM",185,157.187387177735,145.73765931188,169.96001148435
"da Vinci","SM",186,156.53099688043,144.414345638985,169.952721771264
"da Vinci","SM",187,155.837976608371,143.262632590671,170.070242961549
"da Vinci","SM",188,155.114248021037,141.829847171221,170.124685029174
"da Vinci","SM",189,154.365601326355,140.326433682656,170.39881582949
"da Vinci","SM",190,153.597588057441,138.838337623074,170.561001932903
"da Vinci","SM",191,152.815414769706,137.090862641017,170.879952109736
"da Vinci","SM",192,152.023838195761,135.198171104443,171.095171040383
"da Vinci","SM",193,151.227062193431,133.490997712042,171.605458345447
"da Vinci","SM",194,150.428636636856,131.684580254958,171.826485964083
"da Vinci","SM",195,149.631358243774,130.112344219114,172.538536535985
"da Vinci","SM",196,148.83717321535,128.390235506321,172.809546337099
"da Vinci","BE",1,186.277502070532,177.216377749999,196.263314606965
"da Vinci","BE",2,186.117737457821,177.12068237708,196.00997724556
"da Vinci","BE",3,185.958109870721,177.025038116025,195.762202001284
"da Vinci","BE",4,185.798619191677,176.929444013342,195.534414985806
"da Vinci","BE",5,185.639265303223,176.833898730133,195.306894863326
"da Vinci","BE",6,185.480048087974,176.738400595218,195.065170284648
"da Vinci","BE",7,185.320967428632,176.642947656989,194.788961702375
"da Vinci","BE",8,185.162023207979,176.539544517004,194.553126754159
"da Vinci","BE",9,185.003215308883,176.422761185744,194.317534529452
"da Vinci","BE",10,184.844543614293,176.333039450492,194.082236864179
"da Vinci","BE",11,184.686008007237,176.24472725983,193.847235069762
"da Vinci","BE",12,184.527608370827,176.176720780478,193.61253044747
"da Vinci","BE",13,184.369344588253,176.117794046202,193.378124256229
"da Vinci","BE",14,184.211216542786,176.058932733419,193.144017682498
"da Vinci","BE",15,184.053224117775,176.000154913621,192.904735642851
"da Vinci","BE",16,183.895367196648,175.919720865669,192.662603522655
"da Vinci","BE",17,183.73764566291,175.823873702466,192.411272818314
"da Vinci","BE",18,183.580059400144,175.728092606886,192.149465193651
"da Vinci","BE",19,183.42260829201,175.632378677908,191.923677349762
"da Vinci","BE",20,183.265292222243,175.536732992124,191.666689736732
"da Vinci","BE",21,183.108111074656,175.441328411049,191.455164442072
"da Vinci","BE",22,182.951064733137,175.346108125366,191.21556584044
"da Vinci","BE",23,182.794153081647,175.250957223661,190.975297405584
"da Vinci","BE",24,182.637376004224,175.154576674713,190.734895782516
"da Vinci","BE",25,182.480733384981,175.059563569667,190.495352311318
"da Vinci","BE",26,182.324225108103,174.964680165175,190.255847874479
"da Vinci","BE",27,182.167851057852,174.869935151958,190.017150227688
"da Vinci","BE",28,182.011611118562,174.787841244697,189.779178640256
"da Vinci","BE",29,181.855505174643,174.679152089489,189.543477429498
"da Vinci","BE",30,181.699533110578,174.584461924396,189.326429297112
"da Vinci","BE",31,181.543694810925,174.489403679231,189.109172426531
"da Vinci","BE",32,181.387990160316,174.401207432061,188.876793991687
"da Vinci","BE",33,181.232419043459,174.314519046255,188.60589539092
"da Vinci","BE",34,181.076981345135,174.22817477782,188.386739366731
"da Vinci","BE",35,180.921676950204,174.141984499691,188.116799489057
"da Vinci","BE",36,180.766505743598,174.065015026312,187.881064829999
"da Vinci","BE",37,180.61146761033,173.995588210046,187.707498994085
"da Vinci","BE",38,180.456562435489,173.898055808295,187.478802507276
"da Vinci","BE",39,180.301790104242,173.812081423433,187.229960779708
"da Vinci","BE",40,180.147150501834,173.731092306172,187.014371724011
"da Vinci","BE",41,179.992643513595,173.649313713368,186.798986201731
"da Vinci","BE",42,179.83826902493,173.558667894706,186.582847346954
"da Vinci","BE",43,179.684026921333,173.454870670844,186.366076577819
"da Vinci","BE",44,179.529917088377,173.353112162747,186.112049793387
"da Vinci","BE",45,179.375939411723,173.246607675005,185.930058705844
"da Vinci","BE",46,179.222093777117,173.177062204043,185.724832662352
"da Vinci","BE",47,179.068380070396,173.070989750634,185.541767360614
"da Vinci","BE",48,178.914798177483,172.991898406737,185.356062521749
"da Vinci","BE",49,178.761347984395,172.888059322395,185.142013214708
"da Vinci","BE",50,178.608029377243,172.781481095781,184.918392651078
"da Vinci","BE",51,178.454842242231,172.668056950518,184.694973212253
"da Vinci","BE",52,178.301786465662,172.572530347721,184.470717415488
"da Vinci","BE",53,178.148861933937,172.487583517971,184.223624861668
"da Vinci","BE",54,177.996068533558,172.399417976233,184.024814374764
"da Vinci","BE",55,177.843406151131,172.259176189804,183.824130407008
"da Vinci","BE",56,177.690874673367,172.190355940407,183.638524429184
"da Vinci","BE",57,177.538473987083,172.053022603033,183.454295925966
"da Vinci","BE",58,177.386203979207,171.952651375574,183.266279052094
"da Vinci","BE",59,177.234064536777,171.859758278852,183.041968099933
"da Vinci","BE",60,177.082055546946,171.759593697871,182.847036699096
"da Vinci","BE",61,176.930176896982,171.654528138875,182.652170900747
"da Vinci","BE",62,176.778428474271,171.55723463785,182.468711843509
"da Vinci","BE",63,176.62681016632,171.460499630129,182.280538289702
"da Vinci","BE",64,176.475321860756,171.374864045483,182.082317245507
"da Vinci","BE",65,176.323963445331,171.269448095431,181.876331929416
"da Vinci","BE",66,176.172734807924,171.171492255056,181.680559644828
"da Vinci","BE",67,176.021635836539,171.071361788828,181.467583721016
"da Vinci","BE",68,175.870666419313,170.93732400921,181.247134574982
"da Vinci","BE",69,175.719826444511,170.814598505683,181.039071277752
"da Vinci","BE",70,175.569115800533,170.705036135744,180.836193561701
"da Vinci","BE",71,175.418534375912,170.59594805306,180.621749510505
"da Vinci","BE",72,175.268082059317,170.484484132456,180.435008794081
"da Vinci","BE",73,175.117758739555,170.353838977356,180.236733459552
"da Vinci","BE",74,174.96756430557,170.269488262381,180.039667882305
"da Vinci","BE",75,174.817498646444,170.164036176327,179.851632920857
"da Vinci","BE",76,174.667561651402,170.059855790469,179.681557171222
"da Vinci","BE",77,174.517753209807,169.950705177156,179.501713730509
"da Vinci","BE",78,174.368073211163,169.82775602341,179.299220222914
"da Vinci","BE",79,174.218521545117,169.732029347058,179.119829863804
"da Vinci","BE",80,174.069098101458,169.605408505763,178.94137216089
"da Vinci","BE",81,173.919802770115,169.460730156118,178.761793238188
"da Vinci","BE",82,173.770635441159,169.341429790986,178.611319547915
"da Vinci","BE",83,173.621596004804,169.207605894824,178.405236801078
"da Vinci","BE",84,173.472684351405,169.099551755967,178.226679444201
"da Vinci","BE",85,173.323900371455,169.040180206026,178.049948292357
"da Vinci","BE",86,173.175243955588,168.907354443475,177.883583126777
"da Vinci","BE",87,173.026714994578,168.779339541393,177.72119969236
"da Vinci","BE",88,172.878313379335,168.595009535782,177.56965516289
"da Vinci","BE",89,172.730039000906,168.411657026469,177.412280745355
"da Vinci","BE",90,172.581891750472,168.289561049293,177.260586703486
"da Vinci","BE",91,172.433871519349,168.19750469635,177.107975452578
"da Vinci","BE",92,172.285978198983,168.088253695185,176.951212145676
"da Vinci","BE",93,172.138211680953,167.983030635247,176.750353907802
"da Vinci","BE",94,171.990571856962,167.889184636107,176.616547768156
"da Vinci","BE",95,171.843058618843,167.792580408444,176.458508294472
"da Vinci","BE",96,171.69567185855,167.693183141522,176.266031999869
"da Vinci","BE",97,171.54841146816,167.593817853835,176.088040759618
"da Vinci","BE",98,171.401277339869,167.448598482097,175.967191498473
"da Vinci","BE",99,171.25426936599,167.30230782245,175.842255268997
"da Vinci","BE",100,171.107387438951,167.162644939414,175.646851881953
"da Vinci","BE",101,170.960631451291,167.051963918882,175.509201701071
"da Vinci","BE",102,170.814001295661,166.933398360342,175.384348895985
"da Vinci","BE",103,170.667496864817,166.732311472156,175.222580238767
"da Vinci","BE",104,170.52111805162,166.578923079257,175.067299990581
"da Vinci","BE",105,170.374864749032,166.465463071822,174.906107300427
"da Vinci","BE",106,170.228736850116,166.325816052806,174.735684569168
"da Vinci","BE",107,170.082734248032,166.153814465202,174.559684588628
"da Vinci","BE",108,169.936856836033,165.986337385109,174.395789771974
"da Vinci","BE",109,169.791104507465,165.871321348574,174.280398497548
"da Vinci","BE",110,169.645477155764,165.732827442463,174.154136630093
"da Vinci","BE",111,169.499974674453,165.554330121322,174.008541478663
"da Vinci","BE",112,169.35459695714,165.389962122289,173.890843758074
"da Vinci","BE",113,169.209343897517,165.23680498281,173.773250152015
"da Vinci","BE",114,169.064215389355,165.075829020121,173.655631079025
"da Vinci","BE",115,168.919211326508,164.934180596326,173.537435908685
"da Vinci","BE",116,168.774331602904,164.763652958086,173.414253933203
"da Vinci","BE",117,168.629576112547,164.604642307109,173.285495088999
"da Vinci","BE",118,168.484944749518,164.471188672483,173.145667662156
"da Vinci","BE",119,168.340437407968,164.327717965377,173.003409646467
"da Vinci","BE",120,168.196053982122,164.167325621261,172.918395671128
"da Vinci","BE",121,168.051794366273,163.990434810385,172.761938594807
"da Vinci","BE",122,167.907658454786,163.82846900092,172.603003613296
"da Vinci","BE",123,167.763646142093,163.664463129358,172.461279774363
"da Vinci","BE",124,167.619757322696,163.493187056236,172.372746601967
"da Vinci","BE",125,167.475991891162,163.31156250568,172.26001817897
"da Vinci","BE",126,167.332349742129,163.14313469843,172.145580723708
"da Vinci","BE",127,167.188830770298,162.986297551461,172.023013251337
"da Vinci","BE",128,167.04543487044,162.803390246134,171.874346702189
"da Vinci","BE",129,166.902161937393,162.641049505114,171.761442476181
"da Vinci","BE",130,166.759011866061,162.474297189126,171.625305473857
"da Vinci","BE",131,166.615984551416,162.303697049878,171.4638213181
"da Vinci","BE",132,166.4730798885,162.125989289495,171.369207800297
"da Vinci","BE",133,166.330297772422,161.939812185261,171.235469585912
"da Vinci","BE",134,166.187638098361,161.753833989917,171.121436760127
"da Vinci","BE",135,166.045100761568,161.570153413984,171.008221303202
"da Vinci","BE",136,165.902685657364,161.388151528915,170.914019285951
"da Vinci","BE",137,165.760392681142,161.205911750103,170.801038642753
"da Vinci","BE",138,165.618221728371,161.031204083747,170.730150342293
"da Vinci","BE",139,165.476172694592,160.854698805797,170.624722726742
"da Vinci","BE",140,165.334245475424,160.671059297949,170.493706500798
"da Vinci","BE",141,165.192439966563,160.48296113383,170.401450172216
"da Vinci","BE",142,165.050756063785,160.30477743062,170.303824695102
"da Vinci","BE",143,164.909193662943,160.117392052922,170.184116352234
"da Vinci","BE",144,164.767752659976,159.921000703117,170.081413163443
"da Vinci","BE",145,164.626432950902,159.73681109136,169.986110277521
"da Vinci","BE",146,164.485234431828,159.552463148987,169.887364388211
"da Vinci","BE",147,164.344156998942,159.382117604767,169.787814991872
"da Vinci","BE",148,164.203200548524,159.215129283334,169.688262009146
"da Vinci","BE",149,164.062364976942,159.034925301128,169.56253978134
"da Vinci","BE",150,163.921650180652,158.855137061176,169.440425788333
"da Vinci","BE",151,163.781056056205,158.675509159812,169.324072739706
"da Vinci","BE",152,163.640582500242,158.488424820691,169.218169901313
"da Vinci","BE",153,163.500229409502,158.31198779913,169.141909494513
"da Vinci","BE",154,163.359996680815,158.12695363348,169.067603092744
"da Vinci","BE",155,163.219884211113,157.961424399087,168.99331525268
"da Vinci","BE",156,163.079891897421,157.779510296654,168.87065189322
"da Vinci","BE",157,162.940019636866,157.604618648972,168.791994470359
"da Vinci","BE",158,162.800267326673,157.428836301285,168.743615209592
"da Vinci","BE",159,162.660634864167,157.243586895294,168.68351576135
"da Vinci","BE",160,162.521122146776,157.042812768395,168.56591469073
"da Vinci","BE",161,162.381729072028,156.872021120297,168.46207883543
"da Vinci","BE",162,162.242455537555,156.693709775832,168.387056160792
"da Vinci","BE",163,162.10330144109,156.508204561174,168.312022620481
"da Vinci","BE",164,161.964266680469,156.332892583546,168.236940840498
"da Vinci","BE",165,161.825351153633,156.142617186144,168.139244521218
"da Vinci","BE",166,161.686554758625,155.951691040574,168.033013232692
"da Vinci","BE",167,161.54787739359,155.755134760586,167.964015272667
"da Vinci","BE",168,161.409318956779,155.559324984072,167.879524135982
"da Vinci","BE",169,161.270879346543,155.357570285305,167.797968977597
"da Vinci","BE",170,161.132558461336,155.169588878045,167.734916467424
"da Vinci","BE",171,160.994356199717,154.977874003341,167.644044334424
"da Vinci","BE",172,160.856272460341,154.780283658363,167.553209574059
"da Vinci","BE",173,160.71830714197,154.604077660379,167.461126358378
"da Vinci","BE",174,160.58046014346,154.399101692348,167.36635037625
"da Vinci","BE",175,160.442731363771,154.219552676945,167.277588605579
"da Vinci","BE",176,160.305120701959,154.039325940205,167.186688573718
"da Vinci","BE",177,160.167628057176,153.843960629654,167.09582905783
"da Vinci","BE",178,160.030253328673,153.648875839064,167.004699189624
"da Vinci","BE",179,159.892996415793,153.436446468421,166.91465685306
"da Vinci","BE",180,159.755857217974,153.231941123429,166.821969989841
"da Vinci","BE",181,159.618835634746,153.038705615736,166.720196100442
"da Vinci","BE",182,159.48193156573,152.846931455073,166.599364839606
"da Vinci","BE",183,159.345144910633,152.677605708303,166.47829060393
"da Vinci","BE",184,159.208475569254,152.484170866809,166.376979328447
"da Vinci","BE",185,159.071923441475,152.291005016067,166.253308947508
"da Vinci","BE",186,158.935488427263,152.097036422681,166.123657913817
"da Vinci","BE",187,158.799170426667,151.889077826185,166.015426340302
"da Vinci","BE",188,158.662969339816,151.698983567416,165.931466932042
"da Vinci","BE",189,158.52688506692,151.521342436354,165.847526589156
"da Vinci","BE",190,158.390917508262,151.343456570658,165.763609632639
"da Vinci","BE",191,158.255066564202,151.164696025848,165.662255381088
"da Vinci","BE",192,158.119332135173,150.969701542293,165.597422276906
"da Vinci","BE",193,157.983714121677,150.774972315759,165.514042938101
"da Vinci","BE",194,157.848212424285,150.580506402351,165.421165112799
"da Vinci","BE",195,157.712826943636,150.386301897574,165.315147527503
"da Vinci","BE",196,157.57755758043,150.192356950665,165.230206337357
"da Vinci","BE",197,157.442404235431,149.99866977913,165.140208945568
"da Vinci","BE",198,157.307366809463,149.805238683399,165.070628607198
"da Vinci","BE",199,157.172445203407,149.613920584746,164.978912542025
"da Vinci","BE",200,157.037639318197,149.425149010637,164.887192286924
"da Vinci","BE",201,156.902949054824,149.245317080405,164.802007155386
"da Vinci","BE",202,156.768374314326,149.065719320196,164.72005738229
"da Vinci","BE",203,156.633914997789,148.88655045862,164.63785200761
"da Vinci","BE",204,156.499571006348,148.707607756857,164.549031470888
"da Vinci","BE",205,156.365342241177,148.528880258862,164.445730040691
